City_ID,City,Country,Lat,Lng,Max Temp,Humidity,Cloudiness,Wind Speed,Current Description,Rain (inches),Snow (inches)
0,Talnakh,RU,69.49,88.4,57.2,82,40,17.9,scattered clouds,0.0,0.0
1,Prado,BR,-17.34,-39.22,69.93,92,24,3.18,few clouds,0.0,0.0
2,Salalah,OM,17.02,54.09,84.2,89,90,4.7,overcast clouds,0.0,0.0
3,Clyde River,CA,70.47,-68.59,35.6,93,90,4.7,overcast clouds,0.0,0.0
4,Vestmannaeyjar,IS,63.44,-20.27,48.88,83,100,10.67,overcast clouds,0.0,0.0
5,Hilo,US,19.73,-155.09,84.2,48,90,8.05,overcast clouds,0.0,0.0
6,Petropavlovsk-Kamchatskiy,RU,53.05,158.65,71.6,46,49,8.95,scattered clouds,0.0,0.0
7,Jamestown,US,42.1,-79.24,69.8,68,1,3.36,clear sky,0.0,0.0
8,Bacong,PH,9.25,123.3,86.0,79,40,6.93,scattered clouds,0.0,0.0
9,Bluff,NZ,-46.6,168.33,45.52,74,100,10.04,overcast clouds,0.0,0.0
10,Kapaa,US,22.08,-159.32,84.2,66,20,10.29,few clouds,0.0,0.0
11,Mitu,CO,1.2,-70.17,72.9,94,0,1.41,clear sky,0.0,0.0
12,Ushuaia,AR,-54.8,-68.3,26.6,79,0,4.7,clear sky,0.0,0.0
13,Dikson,RU,73.51,80.55,45.21,89,2,15.7,clear sky,0.0,0.0
14,Kutum,SD,14.2,24.67,72.25,70,57,17.83,broken clouds,0.0,0.0
15,Moron,AR,-34.65,-58.62,48.99,87,75,16.11,broken clouds,0.0,0.0
16,Limon,CR,10.0,-83.03,79.16,64,100,5.53,overcast clouds,0.0,0.0
17,Hobart,AU,-42.88,147.33,50.0,76,20,8.05,few clouds,0.0,0.0
18,Cidreira,BR,-30.18,-50.21,58.69,77,23,27.16,few clouds,0.0,0.0
19,Upernavik,GL,72.79,-56.15,38.73,76,8,11.7,clear sky,0.0,0.0
20,Ahipara,NZ,-35.17,173.17,56.1,76,35,14.97,light rain,0.46,0.0
21,Jiaojiang,CN,28.68,121.44,82.99,94,100,1.99,overcast clouds,0.0,0.0
22,Atuona,PF,-9.8,-139.03,79.84,72,4,20.15,clear sky,0.0,0.0
23,Kaitangata,NZ,-46.28,169.85,45.0,71,100,7.0,overcast clouds,0.0,0.0
24,Tuktoyaktuk,CA,69.45,-133.04,51.8,81,75,16.11,broken clouds,0.0,0.0
25,Iqaluit,CA,63.75,-68.51,41.0,80,40,3.36,scattered clouds,0.0,0.0
26,East London,ZA,-33.02,27.91,58.37,73,0,12.77,clear sky,0.0,0.0
27,Andreapol,RU,56.65,32.27,54.05,95,100,6.11,overcast clouds,0.0,0.0
28,Punta Arenas,CL,-53.15,-70.92,24.8,85,2,3.36,clear sky,0.0,0.0
29,Urengoy,RU,65.97,78.37,50.79,86,94,6.64,light rain,0.12,0.0
30,Ketchikan,US,55.34,-131.65,64.4,55,40,16.11,scattered clouds,0.0,0.0
31,Dukat,RU,62.55,155.55,56.07,36,0,13.42,clear sky,0.0,0.0
32,Ucluelet,CA,48.93,-125.55,60.8,72,5,10.29,clear sky,0.0,0.0
33,Butaritari,KI,3.07,172.79,83.1,71,0,7.29,clear sky,0.0,0.0
34,Arraial Do Cabo,BR,-22.97,-42.03,70.56,83,99,21.85,overcast clouds,0.0,0.0
35,Kavieng,PG,-2.57,150.8,84.83,70,38,9.62,scattered clouds,0.0,0.0
36,Sada,ES,43.36,-8.26,66.99,93,90,5.82,overcast clouds,0.0,0.0
37,Port Lincoln,AU,-34.73,135.87,63.12,61,0,26.87,clear sky,0.0,0.0
38,Cape Town,ZA,-33.93,18.42,48.2,93,0,2.24,clear sky,0.0,0.0
39,Castro,BR,-24.79,-50.01,59.4,93,83,11.68,light rain,0.35,0.0
40,Kruisfontein,ZA,-34.0,24.73,54.45,53,0,10.04,clear sky,0.0,0.0
41,Barrow,US,71.29,-156.79,37.4,93,90,10.29,fog,0.0,0.0
42,Fukue,JP,32.69,128.84,75.2,73,40,11.41,scattered clouds,0.0,0.0
43,Morgan City,US,29.7,-91.21,82.99,88,1,5.82,clear sky,0.0,0.0
44,Mehamn,NO,71.04,27.85,42.15,92,100,21.94,overcast clouds,0.0,0.0
45,Albany,US,42.6,-73.97,64.99,91,98,2.84,overcast clouds,0.0,0.0
46,Bougouni,ML,11.42,-7.48,74.52,81,66,2.21,light rain,0.17,0.0
47,Pitimbu,BR,-7.47,-34.81,73.4,100,40,1.12,scattered clouds,0.0,0.0
48,College,US,64.86,-147.8,53.01,62,75,9.48,light rain,0.76,0.0
49,Rikitea,PF,-23.12,-134.97,69.33,62,48,17.07,scattered clouds,0.0,0.0
50,Yorosso,ML,12.35,-4.78,79.43,73,72,3.22,light rain,0.59,0.0
51,Yellowknife,CA,62.46,-114.35,79.0,29,20,3.36,few clouds,0.0,0.0
52,Bontang,ID,0.13,117.5,83.23,72,12,1.21,few clouds,0.0,0.0
53,Busselton,AU,-33.65,115.33,57.0,55,67,10.42,broken clouds,0.0,0.0
54,Yulara,AU,-25.24,130.99,64.4,27,65,4.7,broken clouds,0.0,0.0
55,Hasaki,JP,35.73,140.83,79.0,83,75,14.99,light intensity shower rain,0.0,0.0
56,Khatanga,RU,71.97,102.5,75.06,41,29,2.57,scattered clouds,0.0,0.0
57,Vaini,TO,-21.2,-175.2,75.2,73,75,11.41,broken clouds,0.0,0.0
58,Hithadhoo,MV,-0.6,73.08,83.86,65,99,2.89,overcast clouds,0.0,0.0
59,Yumen,CN,40.28,97.2,77.23,25,0,13.69,clear sky,0.0,0.0
60,Glenwood Springs,US,39.55,-107.32,75.2,48,75,8.05,broken clouds,0.0,0.0
61,Kuybyshevo,RU,47.81,38.91,66.2,69,0,4.83,clear sky,0.0,0.0
62,Talara,PE,-4.58,-81.27,65.88,83,0,16.28,clear sky,0.0,0.0
63,Santa Maria,BR,-29.68,-53.81,53.6,81,90,23.04,overcast clouds,0.0,0.0
64,Mount Gambier,AU,-37.83,140.77,59.22,53,0,13.6,clear sky,0.0,0.0
65,Mislata,ES,39.48,-0.42,75.2,83,20,2.24,few clouds,0.0,0.0
66,Lavrentiya,RU,65.58,-171.0,43.52,91,100,13.89,light rain,0.52,0.0
67,Port Augusta,AU,-32.5,137.77,64.99,29,0,18.34,clear sky,0.0,0.0
68,Buala,SB,-8.14,159.59,83.91,72,49,7.18,scattered clouds,0.0,0.0
69,Estelle,US,29.85,-90.11,87.01,83,75,11.41,haze,0.0,0.0
70,Hermanus,ZA,-34.42,19.23,48.99,96,0,1.01,clear sky,0.0,0.0
71,Mataura,NZ,-46.19,168.86,42.39,89,100,3.87,light rain,0.15,0.0
72,Salta,AR,-24.79,-65.41,48.2,39,0,6.93,clear sky,0.0,0.0
73,Cabo San Lucas,MX,22.89,-109.91,82.0,83,40,6.93,scattered clouds,0.0,0.0
74,Lompoc,US,34.64,-120.46,66.99,68,0,13.87,clear sky,0.0,0.0
75,Cherskiy,RU,68.75,161.3,55.85,50,61,14.29,broken clouds,0.0,0.0
76,New Norfolk,AU,-42.78,147.06,48.0,78,38,1.01,scattered clouds,0.0,0.0
77,Puerto Ayora,EC,-0.74,-90.35,71.01,91,69,8.99,broken clouds,0.0,0.0
78,Maceio,BR,-9.67,-35.74,71.6,88,75,5.82,broken clouds,0.0,0.0
79,Georgetown,MY,5.41,100.34,82.4,94,20,3.36,few clouds,0.0,0.0
80,San Cristobal,VE,7.77,-72.22,65.98,83,3,1.95,clear sky,0.0,0.0
81,Beringovskiy,RU,63.05,179.32,40.89,96,100,4.52,light rain,0.49,0.0
82,Altenholz,DE,54.4,10.13,55.0,96,100,1.99,overcast clouds,0.0,0.0
83,Asau,RO,46.43,26.4,57.99,87,5,4.36,clear sky,0.0,0.0
84,Namibe,AO,-15.2,12.15,67.73,80,0,5.23,clear sky,0.0,0.0
85,Avarua,CK,-21.21,-159.78,78.8,74,58,17.22,broken clouds,0.0,0.0
86,Jinka,ET,5.65,36.65,64.06,67,92,2.48,overcast clouds,0.0,0.0
87,Leningradskiy,RU,69.38,178.42,35.15,96,100,2.1,overcast clouds,0.0,0.0
88,Sohag,EG,26.56,31.69,74.37,26,0,7.63,clear sky,0.0,0.0
89,Tasiilaq,GL,65.61,-37.64,44.6,45,100,18.34,light rain,0.46,0.0
90,Vitoria,BR,-20.32,-40.34,69.8,88,40,3.36,scattered clouds,0.0,0.0
91,Ponta Do Sol,PT,32.67,-17.1,69.8,68,20,11.41,few clouds,0.0,0.0
92,Sibu,MY,2.3,111.82,80.6,88,20,3.36,few clouds,0.0,0.0
93,Weyburn,CA,49.67,-103.85,64.99,92,100,5.01,light rain,0.31,0.0
94,Urumqi,CN,43.8,87.6,69.8,46,0,4.47,clear sky,0.0,0.0
95,Bethel,US,41.37,-73.41,69.8,83,75,1.86,broken clouds,0.0,0.0
96,Iracoubo,GF,5.48,-53.2,78.03,88,100,10.63,moderate rain,1.15,0.0
97,Lata,PT,40.16,-8.33,64.99,90,100,5.01,overcast clouds,0.0,0.0
98,Vao,NC,-22.67,167.48,67.6,70,14,18.88,few clouds,0.0,0.0
99,Bengkulu,ID,-3.8,102.27,82.11,66,53,2.17,broken clouds,0.0,0.0
100,Nikolskoye,RU,59.7,30.79,59.0,87,40,8.95,scattered clouds,0.0,0.0
101,Vila Franca Do Campo,PT,37.72,-25.43,66.2,88,75,5.82,broken clouds,0.0,0.0
102,Sorland,NO,67.67,12.69,45.59,85,50,23.69,scattered clouds,0.0,0.0
103,Gebre Guracha,ET,9.8,38.4,53.76,94,100,1.32,overcast clouds,0.0,0.0
104,Oranjemund,NA,-28.55,16.43,64.49,32,0,5.5,clear sky,0.0,0.0
105,Marystown,CA,47.17,-55.15,61.34,96,100,13.42,overcast clouds,0.0,0.0
106,Codrington,AU,-38.27,141.97,58.87,57,0,19.22,clear sky,0.0,0.0
107,Poum,NC,-20.23,164.02,70.5,67,29,18.43,light rain,0.11,0.0
108,Adrar,MR,20.5,-10.07,92.61,31,0,13.29,clear sky,0.0,0.0
109,Meadow Lake,US,34.8,-106.54,86.0,9,1,17.22,clear sky,0.0,0.0
110,Carnarvon,AU,-24.87,113.63,62.6,88,0,13.87,clear sky,0.0,0.0
111,Mar Del Plata,AR,-38.0,-57.56,48.99,81,75,18.34,broken clouds,0.0,0.0
112,Karratha,AU,-20.74,116.85,81.37,31,84,9.8,broken clouds,0.0,0.0
113,Bosobolo,CD,4.18,19.9,68.07,97,96,1.05,overcast clouds,0.0,0.0
114,Tombouctou,ML,20.0,-3.0,87.55,38,5,11.7,clear sky,0.0,0.0
115,Zhigalovo,RU,54.81,105.16,84.0,38,51,2.73,broken clouds,0.0,0.0
116,Maragogi,BR,-9.01,-35.22,75.0,84,2,6.8,light rain,0.18,0.0
117,Dong Hoi,VN,17.48,106.6,88.95,58,96,15.35,overcast clouds,0.0,0.0
118,Grand Gaube,MU,-20.01,57.66,66.0,81,10,5.99,clear sky,0.0,0.0
119,Nizhniy Tsasuchey,RU,50.52,115.13,66.85,71,97,3.91,overcast clouds,0.0,0.0
120,Chara,RU,56.91,118.26,78.57,34,33,2.37,scattered clouds,0.0,0.0
121,Nenjiang,CN,49.18,125.22,78.49,62,0,8.08,clear sky,0.0,0.0
122,Yenotayevka,RU,47.25,47.03,66.0,86,4,8.01,clear sky,0.0,0.0
123,Cuamba,MZ,-14.8,36.54,57.15,87,0,7.83,clear sky,0.0,0.0
124,Kitgum,UG,3.28,32.89,65.7,93,79,1.45,moderate rain,1.28,0.0
125,Qaanaaq,GL,77.48,-69.36,38.89,74,0,2.15,clear sky,0.0,0.0
126,Sao Joao Da Barra,BR,-21.64,-41.05,70.7,83,1,14.83,clear sky,0.0,0.0
127,Mizdah,LY,31.45,12.98,68.59,48,0,2.39,clear sky,0.0,0.0
128,Bambous Virieux,MU,-20.34,57.76,66.0,93,20,4.7,few clouds,0.0,0.0
129,Airai,TL,-8.93,125.41,68.7,62,12,3.89,few clouds,0.0,0.0
130,Ribeira Grande,PT,38.52,-28.7,66.99,95,51,7.0,broken clouds,0.0,0.0
131,Grindavik,IS,63.84,-22.43,46.4,100,90,8.05,light intensity drizzle,0.0,0.0
132,Longyearbyen,SJ,78.22,15.64,44.6,61,100,11.41,overcast clouds,0.0,0.0
133,Victoria,HK,22.29,114.16,89.01,74,99,7.0,overcast clouds,0.0,0.0
134,Buraydah,SA,26.33,43.98,84.2,30,0,3.36,clear sky,0.0,0.0
135,Thompson,CA,55.74,-97.86,68.0,72,40,16.11,scattered clouds,0.0,0.0
136,Christchurch,NZ,-43.53,172.63,44.01,87,100,20.8,light rain,0.76,0.0
137,Severodvinsk,RU,64.56,39.83,59.0,62,40,8.95,scattered clouds,0.0,0.0
138,Dingle,PH,11.0,122.67,86.85,64,66,4.59,broken clouds,0.0,0.0
139,Mabaruma,GY,8.2,-59.78,74.37,93,0,3.76,clear sky,0.0,0.0
140,Klaksvik,FO,62.23,-6.59,42.8,87,100,11.41,light rain,0.0,0.0
141,Itaituba,BR,-4.28,-55.98,75.97,84,50,1.68,scattered clouds,0.0,0.0
142,Kodiak,US,57.79,-152.41,57.2,71,1,4.7,clear sky,0.0,0.0
143,Chuy,UY,-33.7,-53.46,55.27,93,100,13.62,light rain,0.15,0.0
144,Saint-Georges,GD,12.06,-61.75,78.8,88,20,4.7,few clouds,0.0,0.0
145,Port Blair,IN,11.67,92.75,83.07,79,100,15.41,overcast clouds,0.0,0.0
146,Bairiki,KI,1.33,172.98,87.8,66,20,6.93,few clouds,0.0,0.0
147,Lorengau,PG,-2.02,147.27,86.2,63,30,6.58,scattered clouds,0.0,0.0
148,Taihe,CN,30.87,105.38,75.2,90,100,5.86,moderate rain,3.23,0.0
149,Pevek,RU,69.7,170.31,37.35,87,100,10.87,overcast clouds,0.0,0.0
150,San Carlos De Bariloche,AR,-41.15,-71.31,36.0,80,75,12.75,broken clouds,0.0,0.0
151,Qasigiannguit,GL,68.82,-51.19,44.6,70,100,2.24,overcast clouds,0.0,0.0
152,Alenquer,BR,-1.94,-54.74,80.6,88,75,12.75,thunderstorm,0.0,0.0
153,Taoudenni,ML,22.68,-3.98,93.51,11,0,8.41,clear sky,0.0,0.0
154,Flin Flon,CA,54.77,-101.86,62.26,83,99,10.89,overcast clouds,0.0,0.0
155,Asfi,MA,32.3,-9.24,68.92,81,0,11.52,clear sky,0.0,0.0
156,Novikovo,RU,51.15,37.89,62.13,89,23,5.44,moderate rain,1.21,0.0
157,Puerto Madero,MX,14.72,-92.42,77.0,94,75,2.24,broken clouds,0.0,0.0
158,Guerrero Negro,MX,27.98,-114.06,67.46,70,0,15.97,clear sky,0.0,0.0
159,Vilhena,BR,-12.74,-60.15,69.57,78,8,2.33,clear sky,0.0,0.0
160,Hamilton,US,39.18,-84.53,77.0,94,1,3.36,clear sky,0.0,0.0
161,Pacific Grove,US,36.62,-121.92,62.6,72,1,9.17,clear sky,0.0,0.0
162,Lyubim,RU,58.36,40.68,53.22,96,100,9.57,moderate rain,2.83,0.0
163,Faanui,PF,-16.48,-151.75,77.99,74,10,24.54,clear sky,0.0,0.0
164,Hohhot,CN,40.81,111.65,73.4,56,64,4.47,broken clouds,0.0,0.0
165,Barra Do Garcas,BR,-15.89,-52.26,69.3,62,99,1.45,overcast clouds,0.0,0.0
166,Mezen,RU,65.85,44.24,54.99,62,32,13.82,scattered clouds,0.0,0.0
167,Surt,LY,31.21,16.59,71.2,76,0,0.67,clear sky,0.0,0.0
168,Hualmay,PE,-11.1,-77.61,60.22,83,61,8.08,broken clouds,0.0,0.0
169,Srednekolymsk,RU,67.45,153.68,61.21,37,2,12.08,clear sky,0.0,0.0
170,Egvekinot,RU,66.32,-179.17,37.49,94,100,8.86,light rain,0.9,0.0
171,Huarmey,PE,-10.07,-78.15,60.82,84,74,7.23,broken clouds,0.0,0.0
172,Roald,NO,62.58,6.13,48.2,76,97,16.11,light rain,0.18,0.0
173,Tuatapere,NZ,-46.13,167.68,44.73,78,97,3.06,overcast clouds,0.0,0.0
174,Lebu,CL,-37.62,-73.65,51.28,93,100,23.35,moderate rain,1.66,0.0
175,Torbay,CA,47.67,-52.73,68.0,94,90,18.34,overcast clouds,0.0,0.0
176,Gat,IL,31.61,34.76,72.0,82,0,5.21,clear sky,0.0,0.0
177,Jiaocheng,CN,24.68,116.14,90.66,54,100,3.65,overcast clouds,0.0,0.0
178,Esna,EG,25.29,32.55,79.84,18,0,9.73,clear sky,0.0,0.0
179,Camacha,PT,33.08,-16.33,69.8,77,40,8.05,scattered clouds,0.0,0.0
180,Asyut,EG,27.18,31.18,72.46,37,0,5.73,clear sky,0.0,0.0
181,Haileybury,CA,47.45,-79.64,78.8,65,1,4.7,clear sky,0.0,0.0
182,Fethiye,TR,36.62,29.12,71.6,64,0,8.05,clear sky,0.0,0.0
183,Souillac,MU,-20.52,57.52,62.6,93,20,4.7,few clouds,0.0,0.0
184,Aleksandrov Gay,RU,50.15,48.57,58.35,65,0,7.34,clear sky,0.0,0.0
185,Binzhou,CN,37.37,118.02,84.99,55,52,1.01,broken clouds,0.0,0.0
186,Norman Wells,CA,65.28,-126.83,64.4,68,75,18.34,shower rain,0.0,0.0
187,Tomatlan,MX,19.93,-105.25,79.99,75,92,4.05,overcast clouds,0.0,0.0
188,Neulengbach,AT,48.2,15.9,64.0,45,0,2.28,clear sky,0.0,0.0
189,Touros,BR,-5.2,-35.46,73.4,94,40,2.24,scattered clouds,0.0,0.0
190,Simpang,ID,-1.27,104.08,81.12,73,100,4.27,overcast clouds,0.0,0.0
191,Provideniya,RU,64.38,-173.3,46.4,87,90,11.18,mist,0.0,0.0
192,Saint-Philippe,RE,-21.36,55.77,66.2,45,0,8.05,clear sky,0.0,0.0
193,Viedma,AR,-40.81,-63.0,39.99,92,22,2.91,few clouds,0.0,0.0
194,Maun,BW,-19.98,23.42,57.2,47,0,12.75,clear sky,0.0,0.0
195,Almeirim,BR,-1.52,-52.58,74.61,94,100,2.71,overcast clouds,0.0,0.0
196,Namatanai,PG,-3.67,152.43,85.23,66,72,6.49,broken clouds,0.0,0.0
197,Techiman,GH,7.59,-1.94,68.92,100,100,5.61,overcast clouds,0.0,0.0
198,Karoi,ZW,-16.81,29.69,50.83,80,0,5.73,clear sky,0.0,0.0
199,Narsaq,GL,60.92,-46.05,44.6,75,99,10.29,overcast clouds,0.0,0.0
200,Muros,ES,42.78,-9.06,64.0,87,62,1.01,broken clouds,0.0,0.0
201,Luanda,AO,-8.84,13.23,73.4,83,40,2.24,scattered clouds,0.0,0.0
202,Mahebourg,MU,-20.41,57.7,62.6,93,20,4.7,few clouds,0.0,0.0
203,Boulder City,US,35.98,-114.83,96.01,5,1,8.05,clear sky,0.0,0.0
204,Sioni,GE,41.99,45.02,69.8,73,53,12.75,broken clouds,0.0,0.0
205,Broome,US,42.25,-75.83,66.0,93,90,10.29,light rain,0.76,0.0
206,Sarakhs,IR,36.54,61.16,68.0,37,0,2.24,clear sky,0.0,0.0
207,Saldanha,ZA,-33.01,17.94,50.0,81,0,1.12,clear sky,0.0,0.0
208,Saskylakh,RU,71.92,114.08,83.68,35,100,6.17,overcast clouds,0.0,0.0
209,Bose,IT,45.46,8.01,72.0,67,49,3.29,light rain,0.23,0.0
210,Tchollire,CM,8.4,14.17,69.04,94,96,2.06,overcast clouds,0.0,0.0
211,Port Elizabeth,ZA,-33.92,25.57,51.8,87,0,8.05,clear sky,0.0,0.0
212,Fortuna,US,40.6,-124.16,60.8,67,75,18.34,broken clouds,0.0,0.0
213,Batagay-Alyta,RU,67.8,130.41,76.77,36,11,10.83,few clouds,0.0,0.0
214,Dwarka,IN,22.24,68.97,85.59,74,95,5.46,overcast clouds,0.0,0.0
215,Aklavik,CA,68.22,-135.01,62.6,55,75,11.41,shower rain,0.0,0.0
216,Fairbanks,US,64.84,-147.72,53.01,71,90,5.82,light rain,0.76,0.0
217,Pergamino,AR,-33.89,-60.57,45.0,92,95,4.0,overcast clouds,0.0,0.0
218,Los Llanos De Aridane,ES,28.66,-17.92,69.8,88,75,11.41,broken clouds,0.0,0.0
219,Korla,CN,41.76,86.15,77.0,69,18,15.86,few clouds,0.0,0.0
220,Sao Filipe,CV,14.9,-24.5,73.51,78,17,3.96,few clouds,0.0,0.0
221,Dori,BF,14.04,-0.03,82.53,58,100,7.29,overcast clouds,0.0,0.0
222,Toora-Khem,RU,52.47,96.11,74.77,51,18,3.78,few clouds,0.0,0.0
223,Guilin,CN,25.28,110.29,86.0,79,20,4.47,few clouds,0.0,0.0
224,Ruzomberok,SK,49.07,19.31,57.2,100,2,3.78,clear sky,0.0,0.0
225,Tongchuan,CN,35.08,109.09,82.89,38,100,4.0,overcast clouds,0.0,0.0
226,Ouesso,CG,1.61,16.05,69.3,96,83,2.01,broken clouds,0.0,0.0
227,Batemans Bay,AU,-35.72,150.18,66.99,50,83,1.01,broken clouds,0.0,0.0
228,Stornoway,GB,58.21,-6.39,52.0,93,100,17.22,overcast clouds,0.0,0.0
229,Nome,US,64.5,-165.41,50.0,81,90,14.99,overcast clouds,0.0,0.0
230,Esperance,AU,-33.87,121.9,50.0,81,75,21.92,broken clouds,0.0,0.0
231,Tucuman,AR,-26.82,-65.22,50.0,57,0,10.29,clear sky,0.0,0.0
232,Pimenta Bueno,BR,-11.67,-61.19,73.33,77,92,2.15,overcast clouds,0.0,0.0
233,Port Alfred,ZA,-33.59,26.89,52.0,92,0,1.01,clear sky,0.0,0.0
234,Padang,ID,-0.95,100.35,83.88,57,16,1.5,few clouds,0.0,0.0
235,Eberndorf,AT,46.59,14.64,62.6,88,0,3.36,clear sky,0.0,0.0
236,Seybaplaya,MX,19.65,-90.67,89.6,55,5,6.93,clear sky,0.0,0.0
237,Tezu,IN,27.92,96.17,80.31,75,100,1.01,overcast clouds,0.0,0.0
238,Biltine,TD,14.53,20.92,81.46,61,97,9.48,overcast clouds,0.0,0.0
239,Saint-Paul-Les-Dax,FR,43.73,-1.05,66.99,88,5,4.7,light rain,0.34,0.0
240,Kourou,GF,5.16,-52.65,77.0,100,100,3.36,heavy intensity rain,0.0,0.0
241,Vryheid,ZA,-27.77,30.79,41.68,88,1,2.82,clear sky,0.0,0.0
242,Tabory,RU,58.52,64.55,50.38,76,78,4.88,broken clouds,0.0,0.0
243,Oussouye,SN,12.48,-16.55,77.0,94,62,2.24,broken clouds,0.0,0.0
244,Kloulklubed,PW,7.04,134.26,84.2,74,75,8.05,broken clouds,0.0,0.0
245,Horsham,GB,51.06,-0.33,59.0,87,35,5.82,scattered clouds,0.0,0.0
246,Ponta Delgada,PT,37.73,-25.67,66.2,88,75,5.82,broken clouds,0.0,0.0
247,Chaykovskaya,RU,58.13,55.54,51.8,76,6,2.24,clear sky,0.0,0.0
248,Verkhnyaya Inta,RU,65.98,60.31,46.29,71,100,9.62,overcast clouds,0.0,0.0
249,Meru,KE,0.05,37.66,58.23,79,41,4.12,scattered clouds,0.0,0.0
250,Torata,PE,-17.08,-70.84,52.79,42,0,1.3,clear sky,0.0,0.0
251,Tiksi,RU,71.69,128.87,51.39,54,95,7.92,overcast clouds,0.0,0.0
252,Louth,GB,53.37,0.0,60.8,82,75,5.82,light rain,0.39,0.0
253,Bariri,BR,-22.07,-48.74,71.01,53,97,7.0,overcast clouds,0.0,0.0
254,Whyalla,AU,-33.03,137.58,62.6,29,0,18.34,clear sky,0.0,0.0
255,Mananara,MG,-16.17,49.77,65.05,87,9,6.15,clear sky,0.0,0.0
256,Vieste,IT,41.88,16.18,73.4,69,0,3.36,clear sky,0.0,0.0
257,Bilecik,TR,40.0,30.17,57.2,82,0,2.24,clear sky,0.0,0.0
258,Pingzhuang,CN,42.04,119.29,73.26,58,100,3.76,overcast clouds,0.0,0.0
259,Tacuati,PY,-23.45,-56.58,60.08,76,38,9.15,scattered clouds,0.0,0.0
260,Qiongshan,CN,20.01,110.35,86.0,74,84,2.24,broken clouds,0.0,0.0
261,Avera,US,33.19,-82.53,84.2,66,1,11.41,clear sky,0.0,0.0
262,Ostrovnoy,RU,68.05,39.51,54.45,66,100,16.04,overcast clouds,0.0,0.0
263,Coahuayana,MX,18.73,-103.68,79.83,76,54,2.51,light rain,0.15,0.0
264,Tarko-Sale,RU,64.92,77.78,60.01,73,91,10.38,overcast clouds,0.0,0.0
265,Portland,US,45.52,-122.68,66.99,52,75,16.11,broken clouds,0.0,0.0
266,Constitucion,CL,-35.33,-72.42,53.13,79,100,3.65,overcast clouds,0.0,0.0
267,Kerema,PG,-7.96,145.78,80.44,78,37,5.79,light rain,0.4,0.0
268,Nhulunbuy,AU,-12.23,136.77,84.2,58,75,16.11,broken clouds,0.0,0.0
269,Ereymentau,KZ,51.62,73.1,68.16,60,98,4.16,light rain,0.3,0.0
270,Yaan,NG,7.38,8.57,71.6,96,47,6.26,scattered clouds,0.0,0.0
271,Iquitos,PE,-3.75,-73.25,72.97,96,100,0.34,overcast clouds,0.0,0.0
272,Rawson,AR,-43.3,-65.1,44.71,89,100,19.93,light rain,0.64,0.0
273,Cockburn Town,TC,21.46,-71.14,82.56,78,1,15.7,clear sky,0.0,0.0
274,Bay Roberts,CA,47.6,-53.26,66.99,1,100,14.0,overcast clouds,0.0,0.0
275,Cabedelo,BR,-6.98,-34.83,73.4,100,40,1.12,scattered clouds,0.0,0.0
276,Dubai,AE,25.26,55.3,93.2,56,0,8.05,clear sky,0.0,0.0
277,Ballina,AU,-28.87,153.57,69.01,58,0,1.01,clear sky,0.0,0.0
278,Ponnani,IN,10.77,75.93,75.2,88,75,2.24,mist,0.0,0.0
279,Liaozhong,CN,41.51,122.72,78.8,69,28,6.71,scattered clouds,0.0,0.0
280,Ambon,ID,-3.7,128.18,79.0,100,75,5.82,light rain,0.0,0.0
281,Smirnykh,RU,49.75,142.83,66.4,58,7,2.89,clear sky,0.0,0.0
282,Gimli,CA,50.63,-96.99,84.99,48,18,7.14,few clouds,0.0,0.0
283,Pithoro,PK,25.52,69.38,90.77,55,24,10.29,few clouds,0.0,0.0
284,Richards Bay,ZA,-28.78,32.04,61.63,75,48,2.44,scattered clouds,0.0,0.0
285,Kautokeino,NO,69.01,23.04,40.78,89,100,17.69,overcast clouds,0.0,0.0
286,Thinadhoo,MV,0.53,72.93,83.93,63,59,2.35,broken clouds,0.0,0.0
287,Waipawa,NZ,-41.41,175.52,48.2,70,100,35.57,light rain,0.97,0.0
288,Kushima,JP,31.46,131.23,80.6,61,40,13.87,scattered clouds,0.0,0.0
289,Vyshkov,RU,52.48,31.69,59.0,100,0,4.47,clear sky,0.0,0.0
290,Maneadero,MX,31.72,-116.57,66.99,52,2,7.0,clear sky,0.0,0.0
291,Sikasso,ML,10.92,-7.0,75.96,80,68,4.25,broken clouds,0.0,0.0
292,Xuddur,SO,4.12,43.89,71.65,77,100,21.54,overcast clouds,0.0,0.0
293,Praia,CV,14.92,-23.51,77.0,65,75,12.75,broken clouds,0.0,0.0
294,Chokurdakh,RU,70.63,147.92,60.06,32,20,9.44,few clouds,0.0,0.0
295,Dolinsk,RU,47.35,142.8,66.2,72,20,13.42,few clouds,0.0,0.0
296,Port Hardy,CA,50.7,-127.42,60.8,63,75,10.29,broken clouds,0.0,0.0
297,Ancud,CL,-41.87,-73.82,51.01,100,90,14.99,overcast clouds,0.0,0.0
298,Victoria Point,AU,-27.58,153.3,71.01,67,9,3.0,clear sky,0.0,0.0
299,Tolbazy,RU,54.02,55.88,46.4,87,0,6.71,clear sky,0.0,0.0
300,Mafinga,TZ,-7.25,35.07,62.24,70,70,2.91,broken clouds,0.0,0.0
301,Bredasdorp,ZA,-34.53,20.04,51.8,93,0,6.93,clear sky,0.0,0.0
302,Aswan,EG,24.09,32.91,80.51,19,0,8.43,clear sky,0.0,0.0
303,Minas,UY,-34.38,-55.24,52.0,93,90,27.51,moderate rain,0.0,0.0
304,Bilibino,RU,68.05,166.44,43.95,78,100,8.1,overcast clouds,0.0,0.0
305,Wilmington,US,34.23,-77.94,73.99,94,1,5.82,light rain,0.25,0.0
306,Kaliua,TZ,-5.06,31.79,67.55,52,68,6.4,broken clouds,0.0,0.0
307,Campobello Di Mazara,IT,37.64,12.74,77.0,82,0,6.93,clear sky,0.0,0.0
308,San Andres,CO,12.58,-81.7,84.2,79,75,10.29,broken clouds,0.0,0.0
309,Koygorodok,RU,60.45,51.0,47.91,71,87,4.76,overcast clouds,0.0,0.0
310,Lugovoy,KZ,42.95,72.76,74.98,37,91,12.26,overcast clouds,0.0,0.0
311,Bonavista,CA,48.65,-53.11,59.47,94,31,15.41,scattered clouds,0.0,0.0
312,Nanortalik,GL,60.14,-45.24,40.14,88,75,3.13,broken clouds,0.0,0.0
313,Tucurui,BR,-3.77,-49.67,76.32,82,100,1.1,light rain,0.13,0.0
314,Marsh Harbour,BS,26.54,-77.06,83.95,69,0,8.03,clear sky,0.0,0.0
315,Eydhafushi,MV,5.1,73.07,83.55,75,100,9.51,overcast clouds,0.0,0.0
316,Avdon,RU,54.67,55.72,46.4,87,0,6.71,clear sky,0.0,0.0
317,Dharchula,IN,29.85,80.53,72.82,69,84,1.88,light rain,0.21,0.0
318,Kristiinankaupunki,FI,62.27,21.38,58.87,83,100,10.98,light rain,0.26,0.0
319,Kuzovatovo,RU,53.55,47.69,48.92,86,100,3.6,overcast clouds,0.0,0.0
320,Birao,CF,10.28,22.79,73.06,90,100,3.0,light rain,0.99,0.0
321,Rio Gallegos,AR,-51.62,-69.22,19.4,92,0,3.36,clear sky,0.0,0.0
322,Tandur,IN,17.23,77.58,76.17,87,100,8.93,overcast clouds,0.0,0.0
323,Qaqortoq,GL,60.72,-46.03,44.6,75,96,10.29,overcast clouds,0.0,0.0
324,Bozoum,CF,6.32,16.38,67.08,91,98,2.06,overcast clouds,0.0,0.0
325,Dawson Creek,CA,55.77,-120.24,62.6,67,75,16.11,broken clouds,0.0,0.0
326,Vanimo,PG,-2.67,141.3,85.89,60,100,3.76,light rain,0.23,0.0
327,Barbalha,BR,-7.31,-39.3,71.04,72,2,5.66,clear sky,0.0,0.0
328,Cairns,AU,-16.92,145.77,73.4,88,75,11.41,light intensity shower rain,0.0,0.0
329,Koungou,YT,-12.73,45.2,78.8,74,20,21.92,few clouds,0.0,0.0
330,Skjervoy,NO,70.03,20.97,45.97,83,100,9.46,overcast clouds,0.0,0.0
331,Pratapgarh,IN,24.03,74.78,83.3,71,11,11.59,few clouds,0.0,0.0
332,Erdenet,MN,49.03,104.08,66.51,56,0,10.18,clear sky,0.0,0.0
333,Rudsar,IR,37.14,50.29,71.6,73,20,4.7,few clouds,0.0,0.0
334,Darab,IR,28.75,54.54,75.31,31,0,3.67,clear sky,0.0,0.0
335,Jalu,LY,29.03,21.55,74.59,38,0,6.58,clear sky,0.0,0.0
336,Arlit,NE,18.74,7.39,85.93,13,0,3.89,clear sky,0.0,0.0
337,Evensk,RU,61.95,159.23,60.73,33,0,11.56,clear sky,0.0,0.0
338,Omboue,GA,-1.57,9.26,70.14,87,65,1.92,broken clouds,0.0,0.0
339,Kuminskiy,RU,58.67,66.57,52.29,70,100,5.91,overcast clouds,0.0,0.0
340,Uarini,BR,-2.99,-65.11,74.07,95,94,1.41,overcast clouds,0.0,0.0
341,Rapid Valley,US,44.06,-103.15,77.0,27,1,8.05,clear sky,0.0,0.0
342,Mukhen,RU,48.1,136.1,78.53,48,0,5.06,clear sky,0.0,0.0
343,Itarema,BR,-2.92,-39.92,75.81,82,0,7.56,clear sky,0.0,0.0
344,Buldana,IN,20.53,76.18,78.71,72,90,5.77,overcast clouds,0.0,0.0
345,Ilam,NP,26.92,87.92,73.74,79,16,1.7,few clouds,0.0,0.0
346,Aksum,ET,14.12,38.72,62.85,73,1,0.67,clear sky,0.0,0.0
347,Winnemucca,US,40.97,-117.74,78.8,10,1,6.93,clear sky,0.0,0.0
348,Saint George,US,37.1,-113.58,89.01,9,1,6.93,clear sky,0.0,0.0
349,Alofi,NU,-19.06,-169.92,79.81,82,59,17.94,moderate rain,1.11,0.0
350,Sitka,US,57.05,-135.33,57.2,71,75,16.11,broken clouds,0.0,0.0
351,Ghanzi,BW,-21.57,21.78,47.8,51,0,8.01,clear sky,0.0,0.0
352,Voyvozh,RU,62.89,54.96,47.39,70,98,4.38,overcast clouds,0.0,0.0
353,Hueyapan,MX,18.87,-98.67,59.74,93,100,0.27,moderate rain,1.22,0.0
354,Clinton,US,42.59,-82.92,79.0,78,40,3.36,scattered clouds,0.0,0.0
355,Riom,FR,45.92,2.92,62.6,88,0,2.37,clear sky,0.0,0.0
356,Luderitz,NA,-26.65,15.16,62.6,21,0,5.82,clear sky,0.0,0.0
357,Terney,RU,45.05,136.61,67.19,55,93,6.51,overcast clouds,0.0,0.0
358,Chumikan,RU,54.72,135.31,46.65,95,100,2.64,light rain,0.68,0.0
359,Alta Floresta,BR,-9.88,-56.09,71.04,69,0,1.57,clear sky,0.0,0.0
360,Santa Cruz,BO,-17.8,-63.17,69.8,94,75,2.24,broken clouds,0.0,0.0
361,Warrnambool,AU,-38.38,142.48,57.0,63,0,19.66,clear sky,0.0,0.0
362,Lamu,KE,-2.27,40.9,77.41,80,85,16.73,overcast clouds,0.0,0.0
363,Montepuez,MZ,-13.13,39.0,60.35,86,6,12.46,clear sky,0.0,0.0
364,Inverell,AU,-29.78,151.12,66.0,63,0,1.99,clear sky,0.0,0.0
365,Pochutla,MX,15.74,-96.47,77.0,93,100,3.24,overcast clouds,0.0,0.0
366,Indramayu,ID,-6.33,108.32,82.72,69,0,9.64,clear sky,0.0,0.0
367,Necochea,AR,-38.55,-58.74,46.99,84,78,11.01,broken clouds,0.0,0.0
368,Boulsa,BF,12.67,-0.58,83.89,59,100,1.34,light rain,0.68,0.0
369,Temiscaming,CA,46.72,-79.1,75.0,64,20,4.7,few clouds,0.0,0.0
370,Outlook,CA,51.5,-107.05,64.0,95,100,5.44,light rain,0.19,0.0
371,Minab,IR,27.15,57.08,89.6,75,20,4.7,haze,0.0,0.0
372,Bonga,ET,7.28,36.23,57.74,90,91,1.19,overcast clouds,0.0,0.0
373,Grand Island,US,40.92,-98.34,87.8,66,20,8.05,few clouds,0.0,0.0
374,Koumac,NC,-20.57,164.28,70.9,61,36,17.78,scattered clouds,0.0,0.0
375,Mbini,GQ,1.57,9.61,75.2,100,40,2.24,scattered clouds,0.0,0.0
376,Cubara,CO,7.0,-72.11,73.09,69,35,3.62,scattered clouds,0.0,0.0
377,Pisco,PE,-13.7,-76.22,62.6,82,40,3.36,scattered clouds,0.0,0.0
378,Ures,MX,29.43,-110.4,96.01,32,33,7.0,scattered clouds,0.0,0.0
379,Northallerton,GB,54.34,-1.43,55.4,82,98,2.24,overcast clouds,0.0,0.0
380,Westport,US,41.14,-73.36,68.0,97,22,3.15,light rain,0.15,0.0
381,Riviere-Au-Renard,CA,49.0,-64.4,60.8,93,40,3.36,scattered clouds,0.0,0.0
382,Razole,IN,16.48,81.83,84.78,77,99,1.1,light rain,0.53,0.0
383,Caceres,ES,39.52,-6.37,68.0,73,0,3.0,clear sky,0.0,0.0
384,Kazanskaya,RU,45.41,40.44,65.79,91,0,4.38,clear sky,0.0,0.0
385,Pulandian,CN,39.4,121.97,82.4,61,0,6.71,clear sky,0.0,0.0
386,Saint Anthony,US,45.02,-93.22,84.99,62,75,14.99,broken clouds,0.0,0.0
387,Ak-Dovurak,RU,51.18,90.6,64.33,71,95,1.63,overcast clouds,0.0,0.0
388,Kaoma,ZM,-14.78,24.8,53.74,72,0,6.31,clear sky,0.0,0.0
389,Natagaima,CO,3.62,-75.09,78.93,59,15,3.15,few clouds,0.0,0.0
390,Maxixe,MZ,-23.86,35.35,64.31,82,11,9.51,few clouds,0.0,0.0
391,Girne,CY,35.34,33.32,71.6,94,0,11.27,clear sky,0.0,0.0
392,Mlonggo,ID,-6.53,110.7,82.4,69,20,2.24,haze,0.0,0.0
393,Maragheh,IR,37.39,46.24,63.19,40,0,8.57,clear sky,0.0,0.0
394,Ossora,RU,59.24,163.07,56.07,40,51,16.55,broken clouds,0.0,0.0
395,Nusaybin,TR,37.08,41.22,80.26,34,30,9.69,scattered clouds,0.0,0.0
396,Haimen,CN,23.19,116.61,87.8,74,40,4.47,scattered clouds,0.0,0.0
397,Staryy Nadym,RU,65.61,72.68,52.38,72,41,1.66,scattered clouds,0.0,0.0
398,Nuuk,GL,64.18,-51.72,44.6,81,75,8.05,broken clouds,0.0,0.0
399,Port Hedland,AU,-20.32,118.57,73.4,49,89,4.7,overcast clouds,0.0,0.0
400,Maniitsoq,GL,65.42,-52.9,50.7,63,100,9.98,overcast clouds,0.0,0.0
401,Biak,ID,-0.91,122.88,77.58,83,100,3.78,moderate rain,1.18,0.0
402,Riyadh,SA,24.69,46.72,84.2,26,0,1.74,clear sky,0.0,0.0
403,Jacareacanga,BR,-6.22,-57.75,77.05,72,63,1.45,broken clouds,0.0,0.0
404,Kirakira,SB,-10.45,161.92,81.81,78,29,10.74,light rain,0.33,0.0
405,Comodoro Rivadavia,AR,-45.87,-67.5,39.2,100,75,8.28,drizzle,0.0,0.0
406,Hervey Bay,AU,-25.3,152.85,70.0,70,4,3.0,clear sky,0.0,0.0
407,Hovd,MN,48.01,91.64,62.92,48,97,8.19,light rain,0.41,0.0
408,Ikom,NG,5.97,8.71,69.82,98,75,0.58,broken clouds,0.0,0.0
409,Vuktyl,RU,63.86,57.31,47.79,72,99,4.52,overcast clouds,0.0,0.0
410,Eyl,SO,7.98,49.82,81.46,64,100,26.31,overcast clouds,0.0,0.0
411,Hami,CN,42.8,93.45,78.93,26,0,2.64,clear sky,0.0,0.0
412,Te Anau,NZ,-45.42,167.72,42.58,71,44,3.33,scattered clouds,0.0,0.0
413,Ocean City,US,39.28,-74.57,73.4,73,20,5.82,few clouds,0.0,0.0
414,Severo-Kurilsk,RU,50.68,156.12,51.85,69,1,9.31,clear sky,0.0,0.0
415,Manggar,ID,-2.88,108.27,81.88,83,97,15.5,moderate rain,1.69,0.0
416,La Rioja,ES,42.25,-2.5,69.8,77,0,2.24,light rain,0.25,0.0
417,Ushirombo,TZ,-3.49,31.96,66.56,54,87,4.23,overcast clouds,0.0,0.0
418,Quatre Cocos,MU,-20.21,57.76,66.0,93,20,4.7,few clouds,0.0,0.0
419,Pushkino,RU,56.02,37.87,64.0,87,75,11.18,broken clouds,0.0,0.0
420,Half Moon Bay,US,37.46,-122.43,73.4,87,75,10.29,haze,0.0,0.0
421,Kolno,PL,53.41,21.93,56.55,85,95,8.77,overcast clouds,0.0,0.0
422,Crotone,IT,39.09,17.12,76.77,63,0,4.18,clear sky,0.0,0.0
423,Solnechnyy,RU,50.72,136.63,56.01,74,100,8.46,overcast clouds,0.0,0.0
424,Hambantota,LK,6.12,81.12,77.0,100,75,1.12,broken clouds,0.0,0.0
425,North Bend,US,43.41,-124.22,66.0,72,1,14.99,moderate rain,1.78,0.0
426,Sao Felix Do Xingu,BR,-6.64,-51.99,73.33,72,23,2.3,few clouds,0.0,0.0
427,Planeta Rica,CO,8.41,-75.59,75.51,90,100,9.84,overcast clouds,0.0,0.0
428,Barra Velha,BR,-26.63,-48.68,55.4,100,40,2.24,scattered clouds,0.0,0.0
429,Presidencia Roque Saenz Pena,AR,-26.79,-60.44,50.34,59,18,6.29,few clouds,0.0,0.0
430,Pyu,MM,18.48,96.43,81.43,85,100,4.88,light rain,0.55,0.0
431,San Patricio,MX,19.22,-104.7,86.0,66,40,17.22,scattered clouds,0.0,0.0
432,Ust-Ilimsk,RU,58.0,102.66,79.45,54,14,6.76,few clouds,0.0,0.0
433,Pontianak,ID,-0.03,109.33,83.32,70,52,3.91,broken clouds,0.0,0.0
434,Goderich,CA,43.75,-81.72,73.0,71,0,8.72,clear sky,0.0,0.0
435,Bilma,NE,18.69,12.92,81.81,15,0,1.21,clear sky,0.0,0.0
436,Comitancillo,GT,15.08,-91.72,48.0,91,96,3.83,overcast clouds,0.0,0.0
437,Talcahuano,CL,-36.72,-73.12,51.89,88,100,16.15,moderate rain,1.76,0.0
438,Kemijarvi,FI,66.71,27.43,51.78,95,100,8.16,moderate rain,1.08,0.0
439,Qostanay,KZ,53.17,63.58,51.8,93,75,8.95,broken clouds,0.0,0.0
440,Tabas,IR,33.6,56.92,84.2,17,0,2.24,clear sky,0.0,0.0
441,Rocha,UY,-34.48,-54.33,53.38,92,100,30.8,heavy intensity rain,7.58,0.0
442,Bathsheba,BB,13.22,-59.52,80.6,83,40,12.75,scattered clouds,0.0,0.0
443,Sinegorye,RU,62.08,150.48,55.6,41,100,6.6,overcast clouds,0.0,0.0
444,Gisborne,NZ,-38.65,178.0,52.0,51,99,11.99,light rain,0.2,0.0
445,Naze,JP,28.37,129.48,77.0,94,75,10.29,light intensity shower rain,0.0,0.0
446,Hare Bay,CA,48.85,-54.01,68.0,88,20,8.05,few clouds,0.0,0.0
447,Prince George,CA,53.92,-122.75,55.99,93,90,6.93,overcast clouds,0.0,0.0
448,Neiafu,TO,-18.65,-173.98,78.8,83,75,11.74,broken clouds,0.0,0.0
449,Watertown,US,42.37,-71.18,68.0,93,90,3.53,overcast clouds,0.0,0.0
450,Oshkosh,US,44.02,-88.54,82.0,69,1,10.29,clear sky,0.0,0.0
451,Nouakchott,MR,18.09,-15.98,77.0,83,0,9.17,clear sky,0.0,0.0
452,Rorvik,NO,64.86,11.24,49.8,67,100,20.89,light rain,0.12,0.0
453,Bria,CF,6.54,21.99,67.69,96,59,2.19,broken clouds,0.0,0.0
454,Paamiut,GL,61.99,-49.67,39.79,95,100,3.04,overcast clouds,0.0,0.0
455,Sakaiminato,JP,35.55,133.23,69.8,88,75,16.11,light intensity shower rain,0.0,0.0
456,Komsomolskiy,UZ,40.43,71.72,77.0,29,35,4.7,scattered clouds,0.0,0.0
457,Bubaque,GW,11.28,-15.83,80.6,80,100,6.96,overcast clouds,0.0,0.0
458,Nisia Floresta,BR,-6.09,-35.21,73.4,94,40,2.24,scattered clouds,0.0,0.0
459,Yerbogachen,RU,61.28,108.01,81.97,46,100,1.57,overcast clouds,0.0,0.0
460,Benguela,AO,-12.58,13.41,66.4,86,0,3.51,clear sky,0.0,0.0
461,Talas,TR,38.69,35.55,51.8,93,0,2.53,clear sky,0.0,0.0
462,Miri,MY,4.41,114.01,86.0,84,20,2.24,few clouds,0.0,0.0
463,Njombe,TZ,-9.33,34.77,50.94,94,80,8.05,broken clouds,0.0,0.0
464,Geraldton,AU,-28.77,114.6,60.8,87,75,8.05,broken clouds,0.0,0.0
465,Pemba,MZ,-12.97,40.52,70.54,79,2,16.98,clear sky,0.0,0.0
466,Paragominas,BR,-2.97,-47.48,71.53,98,15,2.35,few clouds,0.0,0.0
467,Aksu,CN,41.12,80.26,78.94,17,38,2.17,scattered clouds,0.0,0.0
468,Hammerfest,NO,70.66,23.68,41.0,93,100,25.28,overcast clouds,0.0,0.0
469,Manzhouli,CN,49.6,117.43,74.3,49,100,9.04,overcast clouds,0.0,0.0
470,Derzhavinsk,KZ,51.1,66.32,56.08,85,100,11.01,overcast clouds,0.0,0.0
471,Effium,NG,6.63,8.06,71.67,96,95,4.97,overcast clouds,0.0,0.0
472,Berlevag,NO,70.86,29.09,43.59,93,100,21.16,overcast clouds,0.0,0.0
473,Darien,US,41.75,-87.97,82.0,88,75,8.05,light rain,0.0,0.0
474,Obando,PH,14.72,120.93,91.99,62,88,3.36,overcast clouds,0.0,0.0
475,Morag,PL,53.92,19.93,59.0,78,100,3.0,overcast clouds,0.0,0.0
476,Henties Bay,NA,-22.12,14.28,69.01,24,0,1.01,clear sky,0.0,0.0
477,Celestun,MX,20.87,-90.4,83.32,76,0,17.63,clear sky,0.0,0.0
478,Bam,IR,29.11,58.36,85.87,14,0,5.46,clear sky,0.0,0.0
479,Makakilo City,US,21.35,-158.09,89.6,46,75,5.82,broken clouds,0.0,0.0
480,Togur,RU,58.36,82.83,64.0,67,100,6.44,overcast clouds,0.0,0.0
481,Si Sa Ket,TH,15.11,104.33,82.0,90,97,11.59,overcast clouds,0.0,0.0
482,Fereydunshahr,IR,32.94,50.12,52.45,44,0,1.54,clear sky,0.0,0.0
483,Wladyslawowo,PL,54.79,18.4,62.01,67,44,6.93,scattered clouds,0.0,0.0
484,Iranshahr,IR,27.2,60.68,87.84,53,1,4.29,clear sky,0.0,0.0
485,Kadyy,RU,57.79,43.19,53.55,77,98,10.6,overcast clouds,0.0,0.0
486,Ha Tinh,VN,18.33,105.9,91.98,54,100,4.45,overcast clouds,0.0,0.0
487,Cruz Alta,BR,-28.64,-53.61,51.8,81,90,16.11,overcast clouds,0.0,0.0
488,Moose Factory,CA,51.26,-80.61,82.4,54,1,5.82,clear sky,0.0,0.0
489,Bedele,ET,8.46,36.35,55.0,100,100,2.71,light rain,0.2,0.0
490,Valley City,US,46.92,-98.0,82.4,94,90,23.04,thunderstorm,0.0,0.0
491,Darhan,MN,49.49,105.92,72.07,54,0,11.27,clear sky,0.0,0.0
492,Gamba,GA,-2.65,10.0,69.49,87,92,1.23,overcast clouds,0.0,0.0
493,Ruvo Di Puglia,IT,41.11,16.49,78.01,64,0,4.7,clear sky,0.0,0.0
494,Borogontsy,RU,62.67,131.17,80.92,29,1,7.18,clear sky,0.0,0.0
495,Caravelas,BR,-17.71,-39.25,68.95,96,40,3.62,scattered clouds,0.0,0.0
496,Humberto De Campos,BR,-2.6,-43.46,74.93,90,16,2.91,few clouds,0.0,0.0
497,Sandpoint,US,48.28,-116.55,57.0,93,75,3.36,moderate rain,1.27,0.0
498,Jasper,US,37.2,-94.35,86.0,62,20,16.11,few clouds,0.0,0.0
499,Kushmurun,KZ,52.45,64.63,51.91,88,100,9.73,overcast clouds,0.0,0.0
500,Shelburne,CA,44.08,-80.2,73.4,64,1,4.7,clear sky,0.0,0.0
501,Rostovka,RU,55.38,71.89,54.66,95,100,8.08,overcast clouds,0.0,0.0
502,Marsa Matruh,EG,31.35,27.25,72.68,86,0,14.38,clear sky,0.0,0.0
503,Norsup,VU,-16.07,167.38,77.0,61,75,8.05,broken clouds,0.0,0.0
504,Forestville,US,38.85,-76.88,84.2,69,40,4.68,scattered clouds,0.0,0.0
505,Jammalamadugu,IN,14.83,78.4,80.91,75,100,8.88,overcast clouds,0.0,0.0
506,Topolovgrad,BG,42.08,26.33,68.0,68,5,3.13,clear sky,0.0,0.0
507,Labuan,MY,5.28,115.24,84.2,83,75,2.24,broken clouds,0.0,0.0
508,Vila Velha,BR,-20.33,-40.29,69.8,88,40,3.36,scattered clouds,0.0,0.0
509,Balkhash,KZ,46.84,74.98,76.53,32,100,8.48,overcast clouds,0.0,0.0
510,Shirokiy,RU,49.76,129.52,76.8,69,0,6.46,clear sky,0.0,0.0
511,Sars,RU,56.55,57.14,46.0,82,0,2.82,clear sky,0.0,0.0
512,Powell River,CA,49.85,-124.54,64.4,63,20,6.93,few clouds,0.0,0.0
513,Miraflores,MX,19.22,-98.81,69.8,52,90,6.93,overcast clouds,0.0,0.0
514,Jeremoabo,BR,-10.07,-38.48,64.96,94,29,4.09,scattered clouds,0.0,0.0
515,Dabat,ET,12.98,37.77,56.84,75,6,2.95,clear sky,0.0,0.0
516,Porto Novo,BJ,6.5,2.6,76.21,87,100,5.35,light rain,0.33,0.0
517,Nandikotkur,IN,15.87,78.27,78.89,80,81,11.23,broken clouds,0.0,0.0
518,Nouadhibou,MR,20.93,-17.03,69.8,83,0,14.99,clear sky,0.0,0.0
519,Prince Rupert,CA,54.32,-130.32,59.0,77,1,6.93,clear sky,0.0,0.0
520,Atherton,GB,53.52,-2.49,55.99,91,87,0.29,overcast clouds,0.0,0.0
521,Sambava,MG,-14.27,50.17,66.38,78,0,9.44,clear sky,0.0,0.0
522,Hope,US,33.67,-93.59,84.0,65,8,1.99,clear sky,0.0,0.0
523,Dapaong,TG,10.86,0.2,76.59,82,96,6.71,light rain,0.94,0.0
524,Poro,PH,10.63,124.41,86.0,70,40,2.24,scattered clouds,0.0,0.0
525,Mae Sai,TH,20.43,99.88,78.8,100,75,2.24,broken clouds,0.0,0.0
526,Gualaquiza,EC,-3.4,-78.55,62.74,90,28,1.23,scattered clouds,0.0,0.0
527,Northam,GB,51.03,-4.22,57.99,96,99,8.01,overcast clouds,0.0,0.0
528,Narang,PK,31.91,74.52,89.6,66,40,3.09,haze,0.0,0.0
529,Atasu,KZ,48.68,71.64,75.0,30,84,1.01,light rain,0.11,0.0
530,Mirnyy,RU,62.54,113.96,80.6,47,0,2.24,clear sky,0.0,0.0
531,Khani,GE,41.96,42.96,66.2,88,75,8.05,broken clouds,0.0,0.0
532,Sur,OM,22.57,59.53,81.77,80,36,11.34,scattered clouds,0.0,0.0
533,Vasterhaninge,SE,59.12,18.1,62.01,49,72,15.3,broken clouds,0.0,0.0
534,Qianguo,CN,45.12,124.86,81.16,42,17,9.48,few clouds,0.0,0.0
535,Marfino,RU,55.7,37.38,64.0,93,75,8.95,broken clouds,0.0,0.0
536,Labuhan,ID,-6.88,112.21,82.35,69,0,4.45,clear sky,0.0,0.0
537,Khash,IR,28.22,61.22,72.36,64,0,5.46,clear sky,0.0,0.0
538,Kabinda,CD,-6.13,24.48,73.72,43,100,4.12,overcast clouds,0.0,0.0
539,Yarada,IN,17.65,83.27,80.6,94,75,3.36,mist,0.0,0.0
540,Choix,MX,26.71,-108.32,82.08,68,99,4.9,moderate rain,1.95,0.0
541,Beloha,MG,-25.17,45.05,60.04,89,4,6.15,clear sky,0.0,0.0
542,Douglas,US,41.3,-96.17,86.0,70,90,5.82,overcast clouds,0.0,0.0
543,Vikhorevka,RU,56.12,101.16,77.0,61,0,4.47,clear sky,0.0,0.0
544,Samarai,PG,-10.62,150.67,78.51,84,91,18.34,light rain,0.89,0.0
545,Impruneta,IT,43.69,11.25,68.0,77,0,3.36,clear sky,0.0,0.0
546,Kahului,US,20.89,-156.47,91.4,43,20,20.8,few clouds,0.0,0.0
547,Chake Chake,TZ,-5.25,39.77,75.25,82,1,11.79,clear sky,0.0,0.0
548,Tambura,SS,5.6,27.47,67.62,96,92,2.84,overcast clouds,0.0,0.0
549,Soyo,AO,-6.13,12.37,71.24,85,19,4.83,few clouds,0.0,0.0
550,Aviles,ES,43.55,-5.92,66.2,82,90,1.12,overcast clouds,0.0,0.0
551,Ilulissat,GL,69.22,-51.1,44.6,70,100,2.24,overcast clouds,0.0,0.0
552,Mackay,AU,-21.15,149.2,71.6,73,17,12.75,few clouds,0.0,0.0
553,Kampot,KH,10.62,104.18,82.4,83,40,3.36,scattered clouds,0.0,0.0
554,Fereydun Kenar,IR,36.69,52.52,68.0,94,0,4.7,clear sky,0.0,0.0
555,Akyab,MM,20.15,92.9,84.18,77,100,6.13,light rain,0.92,0.0
556,Kodinsk,RU,58.69,99.18,77.97,46,31,5.64,scattered clouds,0.0,0.0
557,Lipin Bor,RU,60.26,37.98,56.57,92,100,8.1,overcast clouds,0.0,0.0
558,Kirkuk,IQ,35.47,44.39,75.27,23,0,3.24,clear sky,0.0,0.0
